[
{
    "model": "kitchen.dishtype",
    "pk": 1,
    "fields": {
        "name": "Dessert",
        "description": "A sweet course served at the end of a meal. Common desserts include cakes, ice creams, and pastries."
    }
},
{
    "model": "kitchen.dishtype",
    "pk": 3,
    "fields": {
        "name": "Main Course",
        "description": "The primary dish of a meal, typically more substantial and filling. Examples include steak, pasta, and roasted chicken."
    }
},
{
    "model": "kitchen.dishtype",
    "pk": 4,
    "fields": {
        "name": "Salad",
        "description": "A dish consisting of mixed vegetables, fruits, or grains, often served cold. Examples include Caesar salad, Greek salad, and fruit salad."
    }
},
{
    "model": "kitchen.dishtype",
    "pk": 5,
    "fields": {
        "name": "Soup",
        "description": "A liquid dish made by boiling ingredients such as meat, vegetables, or grains. Examples include tomato soup, chicken noodle soup, and minestrone."
    }
},
{
    "model": "kitchen.dishtype",
    "pk": 6,
    "fields": {
        "name": "Side Dish",
        "description": "A smaller dish served alongside the main course, often complementing its flavors. Examples include mashed potatoes, steamed vegetables, and rice"
    }
},
{
    "model": "kitchen.dishtype",
    "pk": 7,
    "fields": {
        "name": "Snack",
        "description": "A small portion of food eaten between meals. Common snacks include chips, nuts, and fruit."
    }
},
{
    "model": "kitchen.dishtype",
    "pk": 8,
    "fields": {
        "name": "Entree",
        "description": "In some culinary traditions, this term refers to the main dish of a meal. In others, it can refer to a course served before the main course."
    }
},
{
    "model": "kitchen.dishtype",
    "pk": 9,
    "fields": {
        "name": "Brunch",
        "description": "A meal that combines breakfast and lunch, typically served in the late morning or early afternoon. Popular brunch items include eggs Benedict, pancakes, and mimosas."
    }
},
{
    "model": "kitchen.dishtype",
    "pk": 10,
    "fields": {
        "name": "Buffet",
        "description": "A style of meal service where guests serve themselves from a variety of dishes set out on a table or counter. Buffets often include a wide range of appetizers, main courses, and desserts."
    }
},
{
    "model": "kitchen.user",
    "pk": 1,
    "fields": {
        "password": "pbkdf2_sha256$870000$yquSDSF8Ds7FhIQ37Km6Ei$ZEoFDMVU9EDsyImepmdMpDNf1sV2yiTGvOzskO2R4dk=",
        "last_login": "2025-02-06T14:25:47.838Z",
        "is_superuser": true,
        "username": "Dogober",
        "first_name": "Mykyta",
        "last_name": "Balabanov",
        "email": "dogoberrr@gmail.com",
        "is_staff": true,
        "is_active": true,
        "date_joined": "2025-02-04T08:59:46Z",
        "years_of_experience": 1,
        "position": "chef",
        "groups": [],
        "user_permissions": []
    }
},
{
    "model": "kitchen.user",
    "pk": 2,
    "fields": {
        "password": "pbkdf2_sha256$870000$E3XcUiyLxuy7JGonAEvflR$NHhCTx2G12ZtE3xoEj1ITM9P7QSr0b2Cpv+m4SEBU5Q=",
        "last_login": null,
        "is_superuser": false,
        "username": "Jastice",
        "first_name": "Djon",
        "last_name": "Vinsmoke",
        "email": "",
        "is_staff": false,
        "is_active": true,
        "date_joined": "2025-02-04T16:50:16.727Z",
        "years_of_experience": 10,
        "position": "chef",
        "groups": [],
        "user_permissions": []
    }
},
{
    "model": "kitchen.user",
    "pk": 3,
    "fields": {
        "password": "pbkdf2_sha256$870000$9YCDjp7HPQo1M1u9qImVuh$hiXJRlUWWUI8XsDR/lFGJwk9bFS7CBYbNT+100ZkHfw=",
        "last_login": null,
        "is_superuser": false,
        "username": "CoolCooker",
        "first_name": "Marta",
        "last_name": "Margarita",
        "email": "",
        "is_staff": false,
        "is_active": true,
        "date_joined": "2025-02-04T16:51:00.280Z",
        "years_of_experience": 3,
        "position": "chef",
        "groups": [],
        "user_permissions": []
    }
},
{
    "model": "kitchen.user",
    "pk": 4,
    "fields": {
        "password": "pbkdf2_sha256$870000$4JvZPUlXzHKCxI45uJehVd$vMJRzf0YFAa0LsLh7m91UJ5HYV7juDxvQ+9h83FLcqY=",
        "last_login": null,
        "is_superuser": false,
        "username": "Waiter228",
        "first_name": "Wolt",
        "last_name": "Walker",
        "email": "",
        "is_staff": false,
        "is_active": true,
        "date_joined": "2025-02-04T20:14:58.084Z",
        "years_of_experience": 1,
        "position": "waiter",
        "groups": [],
        "user_permissions": []
    }
},
{
    "model": "kitchen.user",
    "pk": 5,
    "fields": {
        "password": "",
        "last_login": null,
        "is_superuser": false,
        "username": "Bodya_God_of_cooking",
        "first_name": "Bogdan",
        "last_name": "Hudyakov",
        "email": "bombaleila@gmail.com",
        "is_staff": false,
        "is_active": true,
        "date_joined": "2025-02-05T00:26:55.239Z",
        "years_of_experience": 15,
        "position": "chef",
        "groups": [],
        "user_permissions": []
    }
},
{
    "model": "kitchen.user",
    "pk": 6,
    "fields": {
        "password": "pbkdf2_sha256$870000$l97op1FvWvEgYjMZ9fWeug$k4ITRl9SxRtLL8mlOySQT/GZ4TblGABDUjrAFW2w+/w=",
        "last_login": "2025-02-06T10:28:02.177Z",
        "is_superuser": false,
        "username": "Michal1243",
        "first_name": "Klaric",
        "last_name": "Jordiance",
        "email": "",
        "is_staff": false,
        "is_active": true,
        "date_joined": "2025-02-06T10:28:00.073Z",
        "years_of_experience": 2,
        "position": "chef",
        "groups": [],
        "user_permissions": []
    }
},
{
    "model": "kitchen.category",
    "pk": 2,
    "fields": {
        "name": "Vegetables",
        "description": "Edible plants or parts of plants, typically consumed for their nutritional value, flavor, and texture. Examples include carrots, spinach, and bell peppers."
    }
},
{
    "model": "kitchen.category",
    "pk": 3,
    "fields": {
        "name": "Fruits",
        "description": "Sweet or savory natural products of flowering plants, often consumed raw or used in desserts and salads. Examples include apples, bananas, and strawberries."
    }
},
{
    "model": "kitchen.category",
    "pk": 4,
    "fields": {
        "name": "Grains",
        "description": "Seeds or fruits of cereal plants that are a staple food source, rich in carbohydrates and fiber. Examples include rice, wheat, and quinoa."
    }
},
{
    "model": "kitchen.category",
    "pk": 5,
    "fields": {
        "name": "Proteins",
        "description": "Nutrient-rich foods that provide essential amino acids necessary for body functions. This category includes meat, fish, eggs, legumes, and nuts."
    }
},
{
    "model": "kitchen.category",
    "pk": 6,
    "fields": {
        "name": "Dairy",
        "description": "Animal-derived products rich in calcium and protein, often used in cooking and baking. Examples include milk, cheese, and yogurt."
    }
},
{
    "model": "kitchen.category",
    "pk": 7,
    "fields": {
        "name": "Herbs and Spices",
        "description": "Plants or parts of plants used to enhance flavor, aroma, and color in dishes. Examples include basil, cilantro, cinnamon, and black pepper."
    }
},
{
    "model": "kitchen.category",
    "pk": 8,
    "fields": {
        "name": "Oils and Fats",
        "description": "Ingredients used for cooking and flavoring, providing richness and moisture to dishes. Examples include olive oil, butter, and coconut oil."
    }
},
{
    "model": "kitchen.category",
    "pk": 9,
    "fields": {
        "name": "Condiments",
        "description": "Sauces and seasonings added to enhance the flavor of dishes. Examples include ketchup, mustard, soy sauce, and mayonnaise."
    }
},
{
    "model": "kitchen.category",
    "pk": 10,
    "fields": {
        "name": "Legumes",
        "description": "Plants that produce seeds in pods, often high in protein and fiber. Common examples include beans, lentils, and chickpeas."
    }
},
{
    "model": "kitchen.category",
    "pk": 11,
    "fields": {
        "name": "Nuts and Seeds",
        "description": "Edible seeds and fruits that are rich in healthy fats, protein, and nutrients. Examples include almonds, walnuts, sunflower seeds, and chia seeds."
    }
},
{
    "model": "kitchen.ingredient",
    "pk": 1,
    "fields": {
        "name": "Carrot",
        "description": "A root vegetable that is sweet and crunchy, rich in beta-carotene, fiber, and vitamins. Commonly used in salads, soups, and as snacks.",
        "category": 2
    }
},
{
    "model": "kitchen.ingredient",
    "pk": 2,
    "fields": {
        "name": "Broccoli",
        "description": "Green vegetable high in vitamins C and K; can be steamed or stir-fried.",
        "category": 2
    }
},
{
    "model": "kitchen.ingredient",
    "pk": 3,
    "fields": {
        "name": "Spinach",
        "description": "Leafy green packed with iron and vitamins; used in salads or cooked dishes.",
        "category": 2
    }
},
{
    "model": "kitchen.ingredient",
    "pk": 4,
    "fields": {
        "name": "Bell Peppers",
        "description": "Colorful, sweet vegetables high in vitamins A and C; versatile in many dishes.",
        "category": 2
    }
},
{
    "model": "kitchen.ingredient",
    "pk": 5,
    "fields": {
        "name": "Zucchini",
        "description": "Low-calorie summer squash; can be grilled, stuffed, or spiralized into noodles.",
        "category": 2
    }
},
{
    "model": "kitchen.ingredient",
    "pk": 6,
    "fields": {
        "name": "Apples",
        "description": "Crisp and sweet; high in fiber and vitamin C; great raw or in desserts.",
        "category": 3
    }
},
{
    "model": "kitchen.ingredient",
    "pk": 7,
    "fields": {
        "name": "Bananas",
        "description": "Soft, sweet fruit rich in potassium; commonly eaten raw or in smoothies.",
        "category": 3
    }
},
{
    "model": "kitchen.ingredient",
    "pk": 8,
    "fields": {
        "name": "Strawberries",
        "description": "Juicy berries high in antioxidants and vitamin C; excellent fresh or in sweets.",
        "category": 3
    }
},
{
    "model": "kitchen.ingredient",
    "pk": 9,
    "fields": {
        "name": "Oranges",
        "description": "Sweet, juicy citrus; high in vitamin C; often eaten fresh or juiced.",
        "category": 3
    }
},
{
    "model": "kitchen.ingredient",
    "pk": 10,
    "fields": {
        "name": "Grapes",
        "description": "Small, sweet fruits; can be eaten fresh, dried as raisins, or used for wine.",
        "category": 3
    }
},
{
    "model": "kitchen.ingredient",
    "pk": 11,
    "fields": {
        "name": "Rice",
        "description": "Staple food providing carbohydrates; used as a side dish or in many cuisines.",
        "category": 4
    }
},
{
    "model": "kitchen.ingredient",
    "pk": 12,
    "fields": {
        "name": "Wheat",
        "description": "Ground into flour; primary ingredient for bread, pasta, and baked goods.",
        "category": 4
    }
},
{
    "model": "kitchen.ingredient",
    "pk": 13,
    "fields": {
        "name": "Oats",
        "description": "Whole grain high in fiber; often used for breakfast in oatmeal or granola.",
        "category": 4
    }
},
{
    "model": "kitchen.ingredient",
    "pk": 14,
    "fields": {
        "name": "Quinoa",
        "description": "Gluten-free grain high in protein; versatile in salads and side dishes.",
        "category": 4
    }
},
{
    "model": "kitchen.ingredient",
    "pk": 15,
    "fields": {
        "name": "Barley",
        "description": "Hearty grain rich in fiber; commonly used in soups and stews.",
        "category": 4
    }
},
{
    "model": "kitchen.ingredient",
    "pk": 16,
    "fields": {
        "name": "Chicken Breast",
        "description": "Lean meat high in protein; versatile for grilling, baking, or stir-frying.",
        "category": 5
    }
},
{
    "model": "kitchen.ingredient",
    "pk": 17,
    "fields": {
        "name": "Ground Beef",
        "description": "Minced meat rich in protein; used in burgers, meatballs, and sauces.",
        "category": 5
    }
},
{
    "model": "kitchen.ingredient",
    "pk": 18,
    "fields": {
        "name": "Salmon",
        "description": "Fatty fish high in omega-3 fatty acids; often grilled or baked for flavor.",
        "category": 5
    }
},
{
    "model": "kitchen.ingredient",
    "pk": 19,
    "fields": {
        "name": "Tofu",
        "description": "Plant-based protein made from soy; absorbs flavors well; used in various dishes.",
        "category": 5
    }
},
{
    "model": "kitchen.ingredient",
    "pk": 20,
    "fields": {
        "name": "Lentils",
        "description": "Legumes high in protein and fiber; great in soups, salads, and veggie burgers.",
        "category": 5
    }
},
{
    "model": "kitchen.ingredient",
    "pk": 21,
    "fields": {
        "name": "Whole Milk",
        "description": "Rich in calcium and vitamins; used in cooking, baking, and as a drink.",
        "category": 6
    }
},
{
    "model": "kitchen.ingredient",
    "pk": 22,
    "fields": {
        "name": "Cheddar Cheese",
        "description": "Sharp and creamy cheese; popular in sandwiches, burgers, and snacks.",
        "category": 6
    }
},
{
    "model": "kitchen.ingredient",
    "pk": 23,
    "fields": {
        "name": "Greek Yogurt",
        "description": "Thick yogurt high in protein; eaten as a snack or used in dressings.",
        "category": 6
    }
},
{
    "model": "kitchen.ingredient",
    "pk": 24,
    "fields": {
        "name": "Butter",
        "description": "Creamy dairy fat; used for cooking, baking, and as a spread.",
        "category": 6
    }
},
{
    "model": "kitchen.ingredient",
    "pk": 25,
    "fields": {
        "name": "Cream Cheese",
        "description": "Soft cheese with a tangy flavor; commonly used in dips and desserts.",
        "category": 6
    }
},
{
    "model": "kitchen.ingredient",
    "pk": 26,
    "fields": {
        "name": "Basil",
        "description": "Fragrant herb used in Italian dishes; enhances sauces and salads.",
        "category": 7
    }
},
{
    "model": "kitchen.ingredient",
    "pk": 27,
    "fields": {
        "name": "Cilantro",
        "description": "Fresh herb with a citrusy flavor; popular in salsas and Asian dishes.",
        "category": 7
    }
},
{
    "model": "kitchen.ingredient",
    "pk": 28,
    "fields": {
        "name": "Parsley",
        "description": "Versatile herb used as a garnish; adds freshness to various dishes.",
        "category": 7
    }
},
{
    "model": "kitchen.ingredient",
    "pk": 29,
    "fields": {
        "name": "Black Pepper",
        "description": "Common spice for seasoning; adds heat and flavor to meals.",
        "category": 7
    }
},
{
    "model": "kitchen.ingredient",
    "pk": 30,
    "fields": {
        "name": "Cinnamon",
        "description": "Sweet and warm spice; used in baking and savory dishes for depth.",
        "category": 7
    }
},
{
    "model": "kitchen.ingredient",
    "pk": 31,
    "fields": {
        "name": "Olive Oil",
        "description": "Healthy fat rich in monounsaturated fats; used for cooking and dressings.",
        "category": 8
    }
},
{
    "model": "kitchen.ingredient",
    "pk": 32,
    "fields": {
        "name": "Coconut Oil",
        "description": "Solid at room temperature; used in baking and frying; adds a tropical flavor.",
        "category": 8
    }
},
{
    "model": "kitchen.ingredient",
    "pk": 33,
    "fields": {
        "name": "Vegetable Oil",
        "description": "Neutral oil used for frying and baking; versatile in many recipes.",
        "category": 8
    }
},
{
    "model": "kitchen.ingredient",
    "pk": 34,
    "fields": {
        "name": "Sesame Oil",
        "description": "Nutty oil often used in Asian cuisines; adds depth to stir-fries and dressings.",
        "category": 8
    }
},
{
    "model": "kitchen.ingredient",
    "pk": 35,
    "fields": {
        "name": "Ketchup",
        "description": "Sweet and tangy sauce; commonly used with fries and burgers.",
        "category": 9
    }
},
{
    "model": "kitchen.ingredient",
    "pk": 36,
    "fields": {
        "name": "Mustard",
        "description": "Tangy condiment; adds flavor to sandwiches and dressings.",
        "category": 9
    }
},
{
    "model": "kitchen.ingredient",
    "pk": 37,
    "fields": {
        "name": "Soy Sauce",
        "description": "Salty sauce used in Asian cooking; enhances the flavor of stir-fries.",
        "category": 9
    }
},
{
    "model": "kitchen.ingredient",
    "pk": 38,
    "fields": {
        "name": "Mayonnaise",
        "description": "Creamy condiment; used in sandwiches, salads, and dressings.",
        "category": 9
    }
},
{
    "model": "kitchen.ingredient",
    "pk": 39,
    "fields": {
        "name": "Hot Sauce",
        "description": "Spicy sauce; adds heat to dishes and can be used as a condiment.",
        "category": 9
    }
},
{
    "model": "kitchen.ingredient",
    "pk": 40,
    "fields": {
        "name": "Chickpeas",
        "description": "Versatile legumes used in hummus, salads, and stews.",
        "category": 10
    }
},
{
    "model": "kitchen.ingredient",
    "pk": 41,
    "fields": {
        "name": "Black Beans",
        "description": "Protein-rich beans often used in Mexican dishes and salads.",
        "category": 10
    }
},
{
    "model": "kitchen.ingredient",
    "pk": 42,
    "fields": {
        "name": "Kidney Beans",
        "description": "Heart-shaped beans great for chili and salads.",
        "category": 10
    }
},
{
    "model": "kitchen.ingredient",
    "pk": 43,
    "fields": {
        "name": "Peas",
        "description": "Sweet and tender; used in soups and as a side dish.",
        "category": 10
    }
},
{
    "model": "kitchen.ingredient",
    "pk": 44,
    "fields": {
        "name": "Green Beans",
        "description": "Crisp beans used in stir-fries and casseroles.",
        "category": 10
    }
},
{
    "model": "kitchen.ingredient",
    "pk": 45,
    "fields": {
        "name": "Pinto Beans",
        "description": "Creamy beans used in refried beans and chili.",
        "category": 10
    }
},
{
    "model": "kitchen.ingredient",
    "pk": 46,
    "fields": {
        "name": "Split Peas",
        "description": "Dried peas for soups; rich in protein and fiber.",
        "category": 10
    }
},
{
    "model": "kitchen.ingredient",
    "pk": 47,
    "fields": {
        "name": "Almonds",
        "description": "Crunchy nuts high in healthy fats; great as snacks or in baking.",
        "category": 11
    }
},
{
    "model": "kitchen.ingredient",
    "pk": 48,
    "fields": {
        "name": "Walnuts",
        "description": "Rich in omega-3s; used in baking and salads.",
        "category": 11
    }
},
{
    "model": "kitchen.ingredient",
    "pk": 49,
    "fields": {
        "name": "Chia Seeds",
        "description": "Tiny seeds packed with fiber; often added to smoothies.",
        "category": 11
    }
},
{
    "model": "kitchen.ingredient",
    "pk": 50,
    "fields": {
        "name": "Flaxseeds",
        "description": "Nutrient-rich seeds; commonly ground for cereals and smoothies.",
        "category": 11
    }
},
{
    "model": "kitchen.ingredient",
    "pk": 51,
    "fields": {
        "name": "Sunflower Seeds",
        "description": "Nutty seeds high in vitamin E; eaten raw or roasted.",
        "category": 11
    }
},
{
    "model": "kitchen.dish",
    "pk": 12,
    "fields": {
        "name": "Salad",
        "description": "Fresh and tasty dish!",
        "price": "10.00",
        "dish_type": 4,
        "users": [
            1
        ],
        "ingredients": [
            26,
            4,
            2,
            1,
            25
        ]
    }
},
{
    "model": "kitchen.dish",
    "pk": 13,
    "fields": {
        "name": "Bread",
        "description": "It's just a bakery",
        "price": "3.00",
        "dish_type": 10,
        "users": [
            1
        ],
        "ingredients": [
            11
        ]
    }
},
{
    "model": "kitchen.order",
    "pk": 9,
    "fields": {
        "created_at": "2025-02-05T15:07:05.803Z",
        "status": "completed",
        "dishes": [
            12
        ]
    }
},
{
    "model": "kitchen.order",
    "pk": 13,
    "fields": {
        "created_at": "2025-02-05T15:29:50.979Z",
        "status": "completed",
        "dishes": [
            12
        ]
    }
},
{
    "model": "kitchen.order",
    "pk": 14,
    "fields": {
        "created_at": "2025-02-05T15:40:05.246Z",
        "status": "completed",
        "dishes": [
            12
        ]
    }
},
{
    "model": "kitchen.order",
    "pk": 15,
    "fields": {
        "created_at": "2025-02-05T15:43:04.002Z",
        "status": "completed",
        "dishes": [
            13
        ]
    }
},
{
    "model": "kitchen.order",
    "pk": 16,
    "fields": {
        "created_at": "2025-02-06T00:08:50.849Z",
        "status": "pending",
        "dishes": [
            13
        ]
    }
},
{
    "model": "kitchen.task",
    "pk": 4,
    "fields": {
        "created_at": "2025-02-05T15:07:54.937Z",
        "dish": 12,
        "user": 1,
        "order": 9,
        "description": "Cut vegatables",
        "status": "completed"
    }
},
{
    "model": "kitchen.task",
    "pk": 5,
    "fields": {
        "created_at": "2025-02-05T15:30:13.699Z",
        "dish": 12,
        "user": 1,
        "order": 13,
        "description": "sfsdf",
        "status": "completed"
    }
},
{
    "model": "kitchen.task",
    "pk": 6,
    "fields": {
        "created_at": "2025-02-05T15:40:35.311Z",
        "dish": 12,
        "user": 1,
        "order": 14,
        "description": "kkf",
        "status": "completed"
    }
},
{
    "model": "kitchen.task",
    "pk": 7,
    "fields": {
        "created_at": "2025-02-05T15:43:35.817Z",
        "dish": 13,
        "user": 1,
        "order": 15,
        "description": "kj",
        "status": "completed"
    }
}
]
